time,v_chassis,omega_rear,omega_front,slip_rear,slip_front
0.000,0.000,0.000,0.000,0.000,0.000
0.042,0.000,0.869,-0.347,3.041,-1.216
0.083,-0.001,0.757,0.836,2.657,2.932
0.125,0.001,1.556,1.624,5.438,5.676
0.167,-0.262,1.970,-1.412,3.633,-0.887
0.208,-0.174,0.587,0.334,2.178,1.670
0.250,-0.240,0.538,0.458,1.785,1.668
0.292,-0.325,-1.278,4.248,-0.375,5.568
0.333,-0.384,4.735,0.650,5.316,1.592
0.375,-0.470,3.678,0.701,3.738,1.521
0.417,-0.619,-1.726,8.195,0.024,5.635
0.458,-0.757,3.895,4.376,2.801,3.024
0.500,-0.855,4.331,6.707,2.773,3.746
0.542,-0.792,8.237,7.606,4.640,4.361
0.583,-0.564,10.886,11.141,7.753,7.912
0.625,-0.289,13.528,13.924,17.411,17.891
0.667,0.022,15.834,16.355,55.196,57.021
0.708,0.304,17.837,18.485,19.546,20.292
0.750,0.490,19.578,20.349,12.971,13.522
0.792,-1.629,6.882,7.391,2.479,2.588
0.833,-1.716,10.433,9.993,3.128,3.038
0.875,-1.516,15.054,15.303,4.476,4.534
0.917,-1.297,18.629,19.346,6.028,6.222
0.958,-1.001,21.532,22.473,8.529,8.858
1.000,-0.556,23.815,24.956,15.992,16.710
1.042,-0.033,25.631,26.951,90.042,94.662
1.083,0.343,27.089,28.565,26.635,28.140
1.125,0.469,28.267,29.876,20.101,21.302
1.167,0.539,29.504,30.439,18.171,18.778
1.208,-0.584,5.742,29.714,4.439,18.793
1.250,-0.147,24.131,23.953,58.285,57.862
1.292,0.323,26.755,28.221,27.974,29.561
1.333,0.557,29.316,31.077,17.411,18.517
1.375,0.560,31.129,33.117,18.452,19.694
1.417,0.756,32.442,34.612,14.024,15.029
1.458,1.294,33.451,35.768,8.047,8.673
1.500,1.642,34.263,36.702,6.303,6.823
1.542,1.510,34.931,37.476,7.095,7.684
1.583,1.506,35.509,38.149,7.255,7.868
1.625,1.988,36.043,38.773,5.346,5.827
1.667,2.267,36.547,39.365,4.643,5.078
1.708,-1.753,57.884,-12.066,12.556,-1.409
1.750,-1.771,30.328,25.207,6.993,5.981
1.792,-1.630,30.103,32.184,7.463,7.910
1.833,-1.166,34.085,36.584,11.230,11.980
1.875,-0.815,36.517,39.366,16.690,17.915
1.917,-0.981,37.995,41.097,14.559,15.666
1.958,-0.844,38.946,42.222,17.142,18.500
2.000,-0.138,39.632,43.040,101.393,110.025
2.042,0.039,40.166,43.681,140.194,152.495
2.083,-0.138,40.597,44.200,104.278,113.444
2.125,0.444,40.991,44.678,31.286,34.191
2.167,0.955,41.372,45.143,14.161,15.543
2.208,0.690,41.721,45.569,20.157,22.108
2.250,0.934,41.995,45.987,14.739,16.235
2.292,1.583,42.360,46.399,8.366,9.259
2.333,1.361,42.686,46.801,9.981,11.040
2.375,1.299,42.997,47.187,10.584,11.713
2.417,1.952,43.312,47.578,6.764,7.529
2.458,-3.188,23.541,2.793,3.584,1.307
2.500,-3.443,203.317,20.571,21.666,3.091
2.542,-3.477,175.383,32.094,18.652,4.230
2.583,-2.909,38.807,48.931,5.669,6.888
2.625,-2.520,44.112,48.109,7.128,7.683
2.667,-2.841,44.548,49.240,6.489,7.067
2.708,-2.250,45.134,49.839,8.022,8.754
2.750,-1.714,45.549,50.349,10.303,11.284
2.792,-2.009,45.858,50.738,8.988,9.838
2.833,-1.320,46.124,51.115,13.232,14.556
2.875,-0.780,46.228,51.577,21.754,24.156
2.917,-1.022,46.281,51.977,16.849,18.800
2.958,-0.178,46.356,52.397,92.048,103.915
3.000,0.256,46.394,52.949,62.474,71.442
3.042,0.062,46.102,53.521,160.741,186.707
3.083,0.970,45.160,54.277,15.293,18.582
3.125,1.137,46.091,53.547,13.193,15.489
3.167,1.002,47.441,53.026,15.567,17.517
3.208,1.907,48.782,52.744,7.953,8.680
3.250,1.767,50.112,52.506,8.925,9.399
3.292,1.809,51.444,52.261,8.956,9.114
3.333,2.606,52.768,52.055,6.088,5.992
3.375,2.127,54.091,51.826,7.901,7.528
3.417,1.556,133.585,-36.460,29.047,-9.201
3.458,1.879,357.423,75.421,65.591,13.051
3.500,0.947,506.944,24.825,186.305,8.172
3.542,0.799,395.571,99.891,172.326,42.769
3.583,1.387,424.269,41.555,106.042,9.484
3.625,1.020,371.219,84.049,126.317,27.826
3.667,0.957,515.261,27.821,187.495,9.177
3.708,1.286,378.195,70.211,101.931,18.109
3.750,1.136,535.332,26.567,163.903,7.184
3.792,0.948,378.652,68.325,138.831,24.231
3.833,1.174,545.866,26.086,161.702,6.775
3.875,1.028,388.224,68.983,131.115,22.475
3.917,0.656,556.384,26.367,295.646,13.058
3.958,0.835,396.846,68.107,165.411,27.559
4.000,0.793,567.709,26.413,249.532,10.656
4.042,-4.150,514.851,-5.736,44.420,0.516
4.083,-4.312,478.889,60.968,39.873,5.949
4.125,-4.042,590.963,18.434,52.176,2.596
4.167,-3.881,434.867,56.973,40.222,6.139
4.208,-4.226,597.737,23.233,50.505,2.924
4.250,-4.266,433.832,60.194,36.589,5.938
4.292,-3.832,607.523,25.325,56.493,3.313
4.333,-3.883,438.493,61.972,40.527,6.586
4.375,-4.031,617.630,26.619,54.626,3.311
4.417,-3.514,445.308,62.410,45.359,7.217
4.458,-3.320,627.926,27.639,67.192,3.914
4.500,-3.588,453.388,62.420,45.230,7.089
4.542,-3.098,638.570,28.091,73.136,4.173
4.583,-2.556,463.215,62.644,64.417,9.576
4.625,-3.315,664.433,22.845,71.160,3.412
4.667,-3.868,476.450,87.687,44.115,8.935
4.708,-3.094,621.408,40.134,71.306,5.541
4.750,-2.750,648.653,30.698,83.561,4.907
4.792,-2.739,513.790,55.828,66.662,8.135
4.833,-2.325,678.594,22.632,103.132,4.406
4.875,-1.516,516.259,59.791,120.161,14.801
4.917,-1.252,688.172,25.292,193.376,8.070
4.958,-1.216,519.878,61.297,150.624,18.642
5.000,-0.433,698.271,26.652,565.818,22.558
5.042,0.265,526.647,62.111,693.794,80.942
5.083,0.292,708.680,27.382,849.394,31.857
5.125,0.782,535.483,62.497,238.686,26.974
5.167,1.508,719.226,27.745,165.973,5.441
5.208,1.529,545.054,62.721,123.741,13.354
5.250,1.819,729.422,27.909,139.385,4.371
5.292,2.629,562.521,66.973,73.881,7.915
5.333,2.676,738.518,27.864,95.597,2.645
5.375,2.576,581.676,71.682,78.037,8.740
5.417,3.276,747.358,27.700,78.852,1.960
5.458,3.588,601.234,76.393,57.646,6.452
5.500,3.374,756.259,27.469,77.448,1.849
5.542,3.785,621.028,81.037,56.428,6.494
5.583,4.095,765.227,27.178,64.403,1.323
5.625,0.311,747.272,47.192,840.391,52.136
5.667,0.099,789.728,13.806,2763.058,47.332
5.708,-0.074,726.236,69.435,2542.562,243.761
5.750,0.259,796.546,15.632,1076.117,20.138
5.792,0.641,720.518,82.888,392.700,44.291
5.833,0.660,800.943,20.326,423.423,9.771
5.875,0.418,719.755,91.272,601.211,75.366
5.917,0.417,810.762,21.638,680.006,17.175
5.958,0.770,722.188,95.015,327.331,42.197
6.000,0.734,822.550,23.550,391.086,10.225
6.042,0.251,730.553,97.731,1019.299,135.492
6.083,-0.606,829.577,45.274,479.865,27.134
6.125,-0.251,800.020,65.106,1114.818,91.643
6.167,-0.295,841.583,30.798,999.815,37.553
6.208,-0.689,773.740,93.960,394.126,48.739
6.250,-0.589,851.297,29.557,507.198,18.575
6.292,-0.055,779.173,99.962,2727.650,350.414
6.333,-0.209,859.559,31.875,1441.224,54.408
6.375,-0.696,790.378,101.955,398.245,52.243
6.417,-0.197,867.639,34.867,1542.523,62.947
6.458,0.413,802.357,102.655,679.139,86.018
6.500,-0.081,876.928,36.564,3070.057,128.782
6.542,-0.302,811.807,103.104,943.034,120.644
6.583,0.380,886.751,37.502,816.668,33.581
6.625,-2.143,517.208,62.492,85.464,11.205
6.667,-3.785,909.642,27.770,85.122,3.568
6.708,-3.782,870.206,55.496,81.525,6.135
6.750,-3.303,912.013,33.376,97.633,4.536
6.792,-2.796,864.102,75.613,109.168,10.465
6.833,-3.002,920.313,36.891,108.282,5.300
6.875,-3.136,863.442,87.501,97.360,10.765
6.917,-2.359,928.403,39.081,138.750,6.799
6.958,-1.846,869.169,92.677,165.794,18.572
7.000,-2.113,937.240,40.707,156.271,7.744
7.042,-1.749,877.288,94.878,176.543,19.985
7.083,-1.005,946.527,41.951,330.630,15.610
7.125,-1.039,886.606,95.607,299.602,33.200
7.167,-0.738,956.081,42.951,454.263,21.362
7.208,0.221,896.694,95.405,1422.203,150.423
7.250,0.258,965.698,43.912,1309.769,58.602
7.292,-0.372,911.641,89.961,858.081,85.577
7.333,-1.034,898.143,-9.602,305.010,-2.250
7.375,-0.290,944.717,62.730,1139.515,76.598
7.417,-0.168,990.037,39.879,2066.573,84.203
7.458,-0.084,946.782,71.826,3314.575,252.229
7.500,0.785,996.714,44.028,443.348,18.628
7.542,1.518,951.376,77.508,218.285,16.865
7.583,1.390,1004.923,46.538,252.099,10.721
7.625,1.716,957.605,82.071,194.337,15.741
7.667,2.579,1014.298,47.817,136.645,5.489
7.708,2.607,965.180,84.760,128.602,10.381
7.750,2.702,1023.879,48.748,131.622,5.314
7.792,3.535,974.614,85.211,95.488,7.436
7.833,3.547,1033.415,49.638,100.982,3.898
7.875,3.292,985.005,85.233,103.712,8.061
7.917,4.058,1043.589,49.941,89.000,3.307
7.958,4.315,995.096,85.598,79.709,5.943
8.000,3.921,1053.911,50.092,93.071,3.471
8.042,4.400,1005.374,85.747,78.968,5.820
8.083,4.614,1064.315,50.158,79.734,2.805
8.125,1.045,1065.296,33.495,355.718,10.216
8.167,-0.150,1086.714,13.730,2536.060,33.029
8.208,0.077,1079.016,39.246,3775.788,136.594
8.250,0.309,1101.344,30.544,1245.117,33.559
8.292,0.343,1064.727,58.809,1085.728,59.025
8.333,0.000,1107.216,37.328,3875.255,130.646
8.375,-0.048,1065.666,67.946,3730.310,238.291
8.417,0.410,1113.512,42.114,950.178,34.974
8.458,0.381,1069.585,74.268,981.983,67.255
8.500,-0.084,1121.190,45.174,3925.009,158.954
8.542,0.141,1075.652,78.433,2677.563,194.311
8.583,0.396,1129.894,47.059,997.142,40.572
8.625,-0.121,1083.323,81.040,3136.363,235.546
8.667,-0.106,1139.272,48.194,3761.356,160.071
8.708,0.405,1092.067,82.613,943.548,70.454
8.750,-0.064,1149.080,48.853,4022.420,171.625
8.792,-0.436,1101.499,83.531,884.851,68.025
8.833,0.129,1159.148,49.231,3142.319,132.501
8.875,0.011,1111.366,84.031,3889.666,293.993
8.917,-0.449,1169.369,49.439,911.650,39.501
8.958,-0.008,1121.484,84.290,3925.278,295.100
9.000,-4.197,1153.686,-15.938,97.206,-0.329
9.042,-4.392,1166.457,30.986,93.961,3.469
9.083,-4.486,1211.719,21.329,95.547,2.664
9.125,-4.553,1179.491,47.139,91.668,4.624
9.167,-4.232,1216.863,30.361,101.637,3.511
9.208,-3.781,1178.919,58.608,110.136,6.426
9.250,-3.745,1221.848,37.164,115.194,4.473
9.292,-3.946,1180.742,67.232,105.739,6.964
9.333,-3.585,1228.339,41.729,120.926,5.074
9.375,-2.884,1184.930,73.284,144.817,9.895
9.417,-2.891,1236.081,44.716,150.624,6.413
9.458,-3.037,1191.121,77.300,138.271,9.908
9.500,-2.261,1244.828,46.535,193.711,8.204
9.542,-1.678,1198.799,79.871,251.121,17.665
9.583,-1.887,1254.172,47.671,233.651,9.843
9.625,-2.298,1222.763,77.948,187.220,12.871
9.667,-1.479,1256.174,52.386,298.182,13.393
9.708,-1.627,1173.924,50.652,253.593,11.899
9.750,-1.931,1264.374,54.863,230.116,10.942
9.792,-2.455,1259.310,45.786,180.532,7.527
9.833,-1.742,1297.422,32.259,261.722,7.482
9.875,-1.211,1260.093,60.732,365.269,18.556
9.917,-1.076,1303.818,38.333,425.090,13.469
9.958,-0.614,1262.431,68.421,720.274,39.983
10.000,0.380,1310.763,42.355,1206.993,38.034
10.042,0.884,1267.206,73.860,500.502,28.230
10.083,0.943,1318.839,44.945,488.555,15.684
10.125,1.646,1273.946,77.320,269.866,15.440
10.167,2.390,1327.739,46.579,193.427,5.821
10.208,2.367,1281.900,79.604,188.556,10.771
10.250,2.776,1337.233,47.526,167.583,4.992
10.292,3.685,1290.839,80.943,121.602,6.688
10.333,3.673,1347.023,48.146,127.370,3.588
10.375,3.598,1300.324,81.745,125.504,6.953
10.417,4.447,1357.083,48.466,105.798,2.814
10.458,4.744,1310.154,82.230,95.656,5.066
10.500,4.465,1367.247,48.663,106.179,2.815
10.542,4.992,1320.256,82.447,91.574,4.781
10.583,5.324,1377.487,48.773,89.559,2.206
10.625,3.740,1352.827,61.973,125.595,4.799
10.667,2.714,1429.044,-6.878,183.307,-1.887
10.708,2.893,1414.940,22.744,170.164,1.751
10.750,3.179,1378.988,49.042,150.847,4.400
10.792,3.161,1417.864,31.524,156.015,2.491
10.833,2.897,1379.979,59.339,165.724,6.169
10.875,2.793,1423.392,37.567,177.344,3.707
10.917,3.076,1382.619,67.075,156.335,6.633
10.958,3.145,1430.272,41.663,158.161,3.636
11.000,2.663,1387.411,72.491,181.352,8.528
11.042,2.540,1438.280,44.333,197.210,5.110
11.083,2.902,1393.979,76.115,167.128,8.180
11.125,2.550,1447.135,45.997,197.629,5.313
11.167,1.904,1401.879,78.427,256.730,13.419
11.208,2.156,1456.521,47.046,235.459,6.638
11.250,2.234,1410.694,79.848,220.045,11.512
11.292,1.442,1466.288,47.661,354.955,10.570
11.333,1.229,1420.073,80.741,403.544,22.001
11.375,1.409,1476.275,48.028,365.628,10.928
11.417,0.750,1429.876,81.212,665.859,36.875
11.458,0.315,1486.378,48.264,1652.559,52.693
11.500,0.534,1439.862,81.513,943.009,52.442
11.542,-0.069,1496.609,48.353,5238.818,169.920
11.583,-0.859,1450.009,81.663,591.750,34.270
11.625,-0.638,1506.843,48.437,827.865,27.579
11.667,-0.780,1460.266,81.696,656.111,37.651
11.708,-1.591,1517.131,48.459,334.731,11.660
11.750,-1.598,1470.523,81.738,323.092,18.903
11.792,-1.530,1527.441,48.451,350.527,12.087
11.833,-2.231,1480.857,81.697,233.328,13.817
11.875,-4.197,1397.497,118.902,117.540,10.915
11.917,-3.577,1525.510,44.420,150.266,5.346
11.958,-3.552,1562.530,30.426,154.974,3.998
12.000,-3.716,1525.957,57.645,144.729,6.430
12.042,-4.085,1568.443,36.637,135.395,4.139
12.083,-4.086,1528.471,65.461,131.924,6.607
12.125,-3.687,1575.258,40.855,150.544,4.878
12.167,-3.733,1533.123,71.011,144.735,7.658
12.208,-4.078,1583.180,43.622,136.880,4.744
12.250,-3.770,1539.567,74.743,143.936,7.939
12.292,-3.373,1591.927,45.396,166.164,5.710
12.333,-3.652,1547.306,77.186,149.283,8.397
12.375,-3.543,1601.260,46.486,159.203,5.593
12.417,-2.841,1556.001,78.704,192.701,10.696
12.458,-2.893,1610.923,47.182,195.862,6.707
12.500,-3.119,1565.306,79.637,176.637,9.936
12.542,-2.369,1620.866,47.571,240.464,8.028
12.583,-1.898,1574.971,80.220,291.414,15.792
12.625,-2.161,1630.923,47.822,265.154,8.746
12.667,-1.702,1584.943,80.503,326.862,17.551
12.708,-1.005,1641.076,47.970,572.361,17.701
12.750,-1.101,1594.994,80.720,508.193,26.668
12.792,-0.755,1651.315,48.019,766.840,23.270
12.833,0.166,1605.203,80.782,3374.715,168.884
12.875,-0.225,1561.039,44.335,2428.405,69.941
12.917,-2.884,1662.306,44.145,202.744,6.358
12.958,-3.425,1700.723,27.985,174.789,3.860
13.000,-2.827,1661.440,43.769,206.722,6.420
13.042,-2.216,1697.982,28.500,269.127,5.500
13.083,-1.739,1662.112,54.876,335.595,12.047
13.125,-1.552,1703.326,35.056,385.061,8.904
13.167,-1.121,1664.456,63.043,520.844,20.689
13.208,-0.166,1709.919,39.611,3606.475,84.523
13.250,0.484,1668.651,69.087,1205.049,48.934
13.292,0.540,1717.586,42.693,1111.540,26.654
13.333,1.031,1674.776,73.119,567.671,23.828
13.375,1.953,1726.164,44.666,308.375,7.005
13.417,2.208,1682.178,75.889,265.639,11.029
13.458,2.301,1735.344,45.903,262.947,5.982
13.500,3.095,1690.688,77.563,190.206,7.772
13.542,3.534,1744.906,46.708,171.825,3.626
13.583,3.352,1699.788,78.671,176.490,7.215
13.625,3.902,1754.780,47.153,156.416,3.230
13.667,4.642,1709.375,79.320,127.883,4.981
13.708,4.401,1764.766,47.464,139.347,2.775
13.750,3.803,1725.793,-45.205,157.847,-5.161
13.792,3.866,1772.675,40.484,159.487,2.665
13.833,4.163,1748.840,64.396,146.035,4.414
13.875,3.870,1790.760,40.929,160.945,2.701
13.917,3.869,1749.134,70.654,157.212,5.391
13.958,4.426,1799.001,43.485,141.272,2.439
14.000,4.451,1755.828,74.087,137.074,4.826
14.042,3.471,1816.035,42.925,182.097,3.328
14.083,2.362,1842.155,2.519,271.990,-0.627
14.125,2.481,1828.139,31.725,256.869,3.475
14.167,2.599,1795.814,55.798,240.798,6.513
14.208,2.216,1836.041,35.843,289.050,4.662
14.250,1.869,1796.972,63.860,335.564,10.961
14.292,2.142,1842.889,40.062,300.164,5.547
14.333,2.321,1801.677,69.353,270.709,9.459
14.375,1.741,1850.800,42.850,370.997,7.613
14.417,1.353,1808.056,73.130,466.770,17.920
14.458,1.676,1859.486,44.672,387.350,8.330
14.500,1.528,1815.760,75.583,414.886,16.312
14.542,0.826,1868.740,45.818,791.141,18.422
14.583,0.783,1824.321,77.202,814.871,33.526
14.625,0.852,1878.371,46.523,770.246,18.102
14.667,0.158,1833.555,78.162,4063.605,172.269
14.708,-0.166,1888.210,46.988,3993.862,100.362
14.750,0.097,1843.145,78.788,6450.032,274.784
14.792,-0.432,1898.241,47.231,1538.106,39.245
14.833,-1.105,1853.003,79.155,587.863,26.069
14.875,-0.810,1908.323,47.408,825.350,21.479
14.917,-0.816,1863.035,79.347,800.128,35.035
14.958,-1.528,1918.491,47.497,440.430,11.879
15.000,-2.855,1808.695,91.904,222.761,12.268
15.042,-2.314,1897.728,60.061,288.040,10.084
15.083,-2.617,1939.125,40.697,260.389,6.444
15.125,-3.096,1898.410,70.050,215.636,8.920
15.167,-2.811,1947.762,43.235,243.490,6.383
15.208,-2.446,1904.979,73.466,273.580,11.512
15.250,-2.890,1956.627,44.847,237.929,6.431
15.292,-3.109,1912.930,75.670,216.321,9.517
15.333,-2.530,1965.981,45.866,272.940,7.344
15.375,-2.441,1921.687,77.090,276.554,12.054
15.417,-2.814,1975.664,46.503,246.770,6.785
15.458,-3.335,1952.207,32.292,205.904,4.389
15.500,-2.826,1952.307,65.476,242.776,9.109
15.542,-3.553,2034.669,40.912,201.454,5.031
15.583,-3.831,1963.038,60.467,180.366,6.525
15.625,-4.586,1970.625,50.335,151.388,4.841
15.667,-4.093,2018.203,29.797,173.593,3.548
15.708,-3.691,1985.390,55.021,189.251,6.217
15.750,-3.705,2025.875,35.296,192.398,4.335
15.792,-3.591,1987.420,62.782,194.732,7.120
15.833,-2.842,2032.739,39.516,251.338,5.866
15.875,-2.188,1992.049,68.353,319.648,11.934
15.917,-2.222,2040.566,42.398,322.392,7.678
15.958,-2.001,1998.411,72.127,350.608,13.618
16.000,-1.061,2049.236,44.237,676.930,15.591
16.042,-0.554,2005.978,74.721,1267.678,48.183
16.083,-0.554,2058.432,45.431,1302.042,29.715
16.125,0.123,2014.571,76.290,5739.122,216.373
16.167,0.943,2067.999,46.196,766.364,16.142
16.208,1.004,2023.640,77.390,704.544,25.982
16.250,1.369,2077.840,46.629,530.375,10.925
16.292,2.298,2033.239,77.994,308.729,10.881
16.333,2.454,2087.787,46.954,296.812,5.698
16.375,2.354,2043.033,78.393,302.707,10.654
16.417,2.409,2069.224,39.587,299.694,4.753
16.458,2.965,2082.736,58.156,244.872,5.865
16.500,-0.169,2132.858,11.352,4406.924,24.450
16.542,0.037,2107.785,32.832,7376.881,114.546
16.583,0.286,2137.235,22.072,2618.665,26.054
16.625,0.521,2105.068,46.385,1411.976,30.135
16.667,1.067,2142.353,29.991,701.506,8.834
16.708,1.605,2106.508,55.955,458.349,11.202
16.750,1.635,2148.182,35.790,458.978,6.664
16.792,1.506,2109.620,63.249,489.423,13.704
16.833,1.922,2155.189,39.783,391.423,6.244
16.875,2.518,2114.566,68.498,292.945,8.522
16.917,2.407,2163.149,42.501,313.508,5.179
16.958,2.133,2121.083,72.117,347.006,10.832
17.000,2.639,2171.882,44.249,287.064,4.869
17.042,3.054,2128.818,74.520,242.992,7.541
17.083,-0.417,2184.612,27.373,1832.628,23.950
17.125,-0.484,2193.603,28.516,1587.868,21.629
17.167,-0.442,2180.016,42.972,1728.861,35.060
17.208,-0.064,2208.016,30.510,7728.698,107.427
17.250,0.379,2172.388,56.568,2005.022,51.236
17.292,0.328,2214.303,36.154,2359.960,37.549
17.333,0.074,2175.631,63.639,7613.968,221.998
17.375,0.337,2221.403,40.011,2305.223,40.538
17.417,0.834,2180.750,68.701,914.251,27.834
17.458,0.656,2229.450,42.611,1188.281,21.730
17.500,0.261,2187.399,72.184,2934.794,95.882
17.542,0.637,2238.230,44.299,1228.384,23.332
17.583,0.989,2195.231,74.489,775.907,25.362
17.625,0.339,2215.885,44.532,2289.939,45.041
17.667,-1.155,2255.244,-18.831,684.240,-4.705
17.708,-0.987,2271.675,35.046,806.938,13.433
17.750,-0.755,2238.912,52.397,1039.432,25.302
17.792,-0.919,2277.096,34.109,867.911,13.986
17.833,-1.224,2239.587,60.934,641.280,18.420
17.875,-1.037,2283.840,38.581,771.925,14.023
17.917,-0.552,2244.004,66.729,1423.491,43.300
17.958,-0.603,2291.528,41.637,1330.879,25.164
18.000,-0.927,2250.094,70.778,850.657,27.727
18.042,-0.529,2300.069,43.632,1522.713,29.867
18.083,0.053,2257.510,73.505,7900.757,256.740
18.125,-0.192,2309.140,44.945,4203.910,82.805
18.167,-0.327,2265.869,75.275,2427.201,81.602
18.208,0.378,2318.649,45.758,2143.898,41.329
18.250,0.651,2274.887,76.433,1222.700,40.114
18.292,0.299,2328.404,46.282,2722.924,53.144
18.333,0.602,2284.354,77.131,1326.548,43.824
18.375,1.061,2338.334,46.607,770.720,14.382
18.417,0.746,2294.075,77.592,1075.255,35.402
18.458,0.745,2348.366,46.803,1102.634,20.995
18.500,1.310,2304.012,77.851,614.515,19.798
18.542,-2.036,2309.213,17.232,398.009,3.963
18.583,-3.248,2363.506,30.344,255.666,4.270
18.625,-3.222,2386.322,22.738,260.230,3.470
18.667,-3.117,2354.841,46.987,265.408,6.276
18.708,-2.716,2392.166,30.440,309.212,4.922
18.750,-2.367,2356.431,56.197,349.460,9.310
18.792,-2.497,2398.170,35.974,337.162,6.043
18.833,-2.591,2359.832,63.170,319.780,9.533
18.875,-2.030,2405.300,39.802,415.749,7.863
18.917,-1.449,2364.964,68.215,572.403,17.482
18.958,-1.581,2413.323,42.415,535.265,10.390
19.000,-1.591,2371.629,71.665,522.660,16.763
19.042,-0.813,2422.120,44.090,1043.477,19.976
19.083,-0.331,2379.422,74.009,2514.029,79.165
19.125,-0.501,2431.368,45.194,1698.265,32.549
19.167,-1.161,2415.892,47.281,729.547,15.258
19.208,-0.407,2421.448,55.508,2081.069,48.682
19.250,-0.156,2450.508,39.648,5492.673,89.853
19.292,-0.400,2415.907,60.652,2116.112,54.101
19.333,-0.985,2423.453,23.163,861.996,9.229
19.375,-0.285,2458.370,40.367,3024.740,50.651
19.417,0.276,2461.265,42.457,3117.703,52.798
19.458,0.446,2461.441,47.066,1930.584,35.934
19.500,0.675,2470.783,45.197,1280.551,22.443
19.542,1.367,2459.058,57.298,628.414,13.666
19.583,1.957,2490.291,40.845,444.469,6.306
19.625,1.997,2450.892,69.197,428.639,11.130
19.667,2.169,2499.572,42.945,402.269,5.929
19.708,2.886,2457.649,72.319,297.011,7.769
19.750,3.183,2508.496,44.446,274.826,3.887
19.792,2.955,2465.734,74.360,291.046,7.807
19.833,3.376,2517.913,45.368,260.054,3.704
19.875,4.043,2474.585,75.657,213.249,5.550
19.917,3.813,2527.567,45.987,230.985,3.221
19.958,3.629,2483.919,76.483,238.590,6.377
20.000,2.861,2506.489,51.286,305.588,5.273
20.042,3.098,2548.839,37.809,286.995,3.272
20.083,2.732,2481.342,56.981,316.911,6.300
20.125,2.619,2557.813,40.324,340.862,4.389
20.167,2.983,2517.927,68.350,294.388,7.018
20.208,3.115,2566.176,42.546,287.295,3.780
20.250,2.101,2514.782,57.260,417.913,8.538
20.292,0.854,2582.762,-3.123,1057.989,-2.280
20.333,0.989,2575.235,39.623,910.706,13.028
20.375,1.093,2595.770,29.686,829.851,8.502
20.417,1.008,2561.527,55.133,888.011,18.135
20.458,0.570,2602.543,35.422,1595.883,20.735
20.500,0.339,2564.655,62.278,2646.103,63.280
20.542,0.603,2609.577,39.383,1513.889,21.862
20.583,0.568,2569.700,67.407,1581.311,40.506
20.625,-0.065,2617.564,42.050,9162.128,147.828
20.667,-0.295,2576.239,71.000,3058.249,85.256
20.708,0.012,2626.268,43.817,9191.818,153.239
20.750,-0.246,2583.988,73.370,3670.015,105.178
20.792,-0.783,2635.482,44.957,1178.715,21.090
20.833,-0.614,2592.535,74.953,1479.551,43.746
20.875,-0.495,2645.056,45.679,1872.111,33.313
20.917,-1.027,2601.700,75.946,887.735,26.884
20.958,-1.054,2654.848,46.144,882.713,16.325
21.000,-0.587,2611.229,76.582,1559.030,46.694
21.042,-0.905,2664.791,46.430,1031.736,18.959
21.083,-1.321,2621.005,76.980,695.310,21.392
21.125,-0.809,2674.825,46.609,1157.829,21.158
21.167,-0.570,2630.938,77.226,1617.579,48.451
21.208,-4.393,2695.579,23.999,215.745,2.912
21.250,-4.434,2672.979,46.636,211.998,4.681
21.292,-4.633,2689.573,17.105,204.192,2.292
21.333,-4.217,2677.415,50.108,223.213,5.159
21.375,-4.015,2717.109,32.179,237.868,3.805
21.417,-4.033,2680.882,58.061,233.673,6.039
21.458,-3.925,2723.515,37.079,243.837,4.306
21.500,-3.389,2684.942,64.286,278.266,7.639
21.542,-2.870,2730.939,40.495,334.036,5.938
21.583,-2.846,2690.573,68.796,331.858,9.460
21.625,-2.670,2739.244,42.746,360.050,6.603
21.667,-2.952,2724.095,45.084,324.018,6.346
21.708,-2.360,2740.678,44.701,407.462,7.629
21.750,-2.212,2734.332,53.291,433.688,9.433
21.792,-1.999,2759.276,40.849,484.145,8.153
21.833,-1.267,2723.486,67.294,753.442,19.592
21.875,-0.583,2770.186,42.265,1664.071,26.373
21.917,-0.846,2751.072,54.597,1139.575,23.596
21.958,-1.302,2782.111,-28.784,748.838,-6.737
22.000,-1.057,2774.455,28.816,919.606,10.541
22.042,-0.261,2772.351,47.944,3723.687,65.379
22.083,0.153,2801.923,33.952,6403.937,76.610
22.125,0.355,2765.450,60.228,2726.594,58.403
22.167,0.966,2809.130,38.293,1016.605,12.872
22.208,1.856,2769.970,65.830,521.268,11.412
22.250,2.227,2816.835,41.326,441.671,5.494
22.292,2.231,2776.123,69.802,434.477,9.950
22.333,2.844,2825.413,43.258,346.724,4.324
22.375,3.681,2783.595,72.463,263.662,5.890
22.417,3.701,2834.454,44.588,267.031,3.216
22.458,3.659,2791.952,74.220,266.082,6.100
22.500,4.436,2843.955,45.388,223.383,2.581
22.542,4.912,2800.931,75.382,198.592,4.372
22.583,4.626,2853.671,45.929,214.899,2.475
22.625,4.871,2810.380,76.084,200.946,4.467
22.667,5.483,2863.578,46.258,181.800,1.953
22.708,4.572,2854.739,47.906,217.526,2.667
22.750,2.957,2859.485,-31.001,337.459,-4.669
22.792,2.486,2871.951,48.977,403.401,5.897
22.833,2.763,2902.288,23.549,366.595,1.983
22.875,3.015,2869.193,47.046,332.101,4.462
22.917,2.911,2906.705,30.586,348.533,2.678
22.958,2.627,2871.416,55.887,381.505,6.445
23.000,2.604,2912.857,35.912,390.466,3.826
23.042,2.885,2875.015,62.633,347.750,6.598
23.083,2.903,2920.064,39.639,351.009,3.778
23.125,2.451,2880.322,67.491,410.224,8.636
23.167,2.288,2928.145,42.171,446.914,5.451
23.208,2.589,2887.056,70.870,389.311,8.581
23.250,2.373,2936.940,43.820,432.233,5.464
23.292,1.726,2894.924,73.119,586.154,13.830
23.333,1.775,2946.192,44.916,580.050,7.858
23.375,2.002,2903.578,74.596,506.638,12.042
23.417,1.350,2955.785,45.587,765.440,10.821
23.458,0.798,2912.754,75.565,1277.174,32.160
23.500,1.049,2965.577,46.040,988.287,14.358
23.542,0.829,2922.341,76.137,1232.408,31.134
23.583,0.030,2975.526,46.315,10414.039,161.800
23.625,-0.080,2932.077,76.560,10263.073,268.766
23.667,-0.052,2985.568,46.476,10450.001,163.181
23.708,-0.752,2942.050,76.761,1369.445,36.704
23.750,-1.070,2995.629,46.607,980.800,16.244
23.792,-0.801,2952.063,76.921,1291.529,34.627
23.833,-1.260,3005.772,46.651,836.228,13.963
23.875,-1.910,2962.149,77.012,543.764,15.111
23.917,-2.812,3039.954,25.777,379.336,4.208
23.958,-2.718,3015.040,47.323,389.315,7.095
24.000,-3.570,3041.862,43.193,299.248,5.235
24.042,-4.016,3022.132,45.962,264.378,5.006
24.083,-4.847,3048.734,42.891,221.127,4.097
24.125,-4.619,3038.673,40.487,231.242,4.068
24.167,-4.663,3033.818,48.868,228.736,4.668
24.208,-4.951,3056.316,38.346,217.081,3.711
24.250,-4.927,3022.531,63.667,215.719,5.523
24.292,-4.403,3066.994,40.431,244.772,4.214
24.333,-4.235,3026.983,68.444,251.192,6.657
24.375,-4.512,3075.324,42.670,239.539,4.310
24.417,-4.247,3034.112,71.420,251.036,6.886
24.458,-3.624,3084.272,44.140,298.912,5.263
24.500,-3.616,3042.185,73.451,295.484,8.110
24.542,-3.860,3096.843,44.874,281.771,5.068
24.583,-4.413,3056.481,60.891,243.438,5.830
24.625,-3.853,3101.988,40.617,282.805,4.690
24.667,-3.643,3086.487,55.291,297.512,6.312
24.708,-3.574,3119.101,38.441,306.486,4.765
24.750,-3.069,3080.766,65.680,352.303,8.490
24.792,-2.284,3127.343,41.329,480.231,7.333
24.833,-2.007,3086.852,69.618,539.329,13.141
24.875,-1.876,3135.918,43.240,586.160,9.068
24.917,-1.106,3094.431,72.149,980.029,23.827
24.958,-0.396,3145.006,44.527,2780.949,40.359
